Code,Articles,Start_Date,End_Date,Months,Articles_Per_Month
9999,14132,2018-05-30,2025-09-26,89,158.8
7267,8633,2018-05-30,2025-09-26,89,97.0
7203,8630,2018-05-31,2025-09-26,89,97.0
9020,8562,2018-05-30,2025-09-26,89,96.2
1925,8555,2018-05-30,2025-09-26,89,96.1
4704,8544,2018-05-30,2025-09-26,89,96.0
7269,8541,2018-05-30,2025-09-26,89,96.0
8267,8538,2018-05-30,2025-09-26,89,95.9
9432,8506,2018-05-30,2025-09-26,89,95.6
7261,8492,2018-05-30,2025-09-26,89,95.4
4751,8470,2018-05-30,2025-09-26,89,95.2
8604,8445,2018-05-30,2025-09-26,89,94.9
7951,8441,2018-05-30,2025-09-26,89,94.8
9005,8438,2018-05-30,2025-09-26,89,94.8
7974,8436,2018-05-30,2025-09-26,89,94.8
8591,8421,2018-05-30,2025-09-26,89,94.6
8601,8414,2018-05-30,2025-09-26,89,94.5
9201,8351,2018-05-30,2025-09-26,89,93.8
6030,8350,2018-05-30,2025-09-26,89,93.8
8136,8348,2018-05-31,2025-09-26,89,93.8
4502,8242,2018-05-30,2025-09-26,89,92.6
9021,8199,2018-05-30,2025-09-26,89,92.1
1812,8090,2018-05-30,2025-09-26,89,90.9
6501,8045,2018-05-30,2025-09-26,89,90.4
6701,7766,2018-05-30,2025-09-26,89,87.3
2497,7678,2018-05-30,2025-09-26,89,86.3
7270,7637,2018-05-30,2025-09-25,89,85.8
7751,7547,2018-05-30,2025-09-26,89,84.8
2502,7519,2018-05-30,2025-09-26,89,84.5
6753,7452,2018-05-30,2025-09-26,89,83.7
9433,7315,2018-05-30,2025-09-26,89,82.2
4911,7029,2018-05-30,2025-09-26,89,79.0
6702,6906,2018-05-30,2025-09-26,89,77.6
7047,6874,2019-06-10,2025-09-26,76,90.4
9001,6865,2018-06-01,2025-09-26,89,77.1
9007,6820,2018-05-30,2025-09-26,89,76.6
9697,6689,2018-05-30,2025-09-26,89,75.2
4912,6570,2018-05-31,2025-09-26,89,73.8
9022,6391,2018-05-31,2025-09-26,89,71.8
9008,6271,2018-05-31,2025-09-26,89,70.5
4385,6243,2018-11-16,2025-09-26,83,75.2
4478,6185,2020-06-01,2025-09-26,64,96.6
8227,6014,2018-05-30,2025-09-26,89,67.6
4901,5931,2018-05-30,2025-09-26,89,66.6
9434,5921,2019-06-04,2025-09-26,76,77.9
4452,5832,2018-05-30,2025-09-26,89,65.5
2282,5692,2018-05-30,2025-09-26,89,64.0
8233,5683,2018-05-30,2025-09-26,89,63.9
7564,5567,2018-10-05,2025-09-26,84,66.3
7936,5345,2018-05-30,2025-09-26,89,60.1
8306,5317,2018-05-30,2025-09-26,89,59.7
3092,5251,2018-05-31,2025-09-26,89,59.0
4755,5196,2018-05-30,2025-09-26,89,58.4
6971,5157,2018-05-30,2025-09-26,89,57.9
2229,5094,2018-06-01,2025-09-26,89,57.2
7731,5071,2018-05-30,2025-09-26,89,57.0
4722,5071,2018-05-30,2025-09-26,89,57.0
7867,5069,2018-06-02,2025-09-26,89,57.0
8001,4912,2018-06-02,2025-09-26,89,55.2
3382,4713,2018-05-30,2025-09-26,89,53.0
9009,4696,2018-05-31,2025-09-26,89,52.8
5108,4676,2018-05-30,2025-09-25,89,52.5
6098,4539,2018-06-01,2025-09-26,89,51.0
6902,4399,2018-05-30,2025-09-26,89,49.4
2802,4383,2018-05-30,2025-09-26,89,49.2
4477,4338,2020-04-08,2025-09-26,66,65.7
7752,4249,2018-05-30,2025-09-26,89,47.7
5401,4245,2018-05-30,2025-09-26,89,47.7
4575,4245,2018-05-30,2025-09-26,89,47.7
8766,4042,2018-05-30,2025-09-26,89,45.4
2201,4040,2018-06-01,2025-09-26,89,45.4
7803,4034,2020-01-08,2025-09-26,69,58.5
9602,3968,2018-05-30,2025-09-25,89,44.6
6952,3867,2018-05-30,2025-09-26,89,43.4
4021,3841,2018-05-30,2025-09-26,89,43.2
2914,3777,2018-05-30,2025-09-26,89,42.4
9435,3731,2018-05-30,2025-09-26,89,41.9
6178,3727,2018-06-05,2025-09-26,89,41.9
5020,3713,2018-06-03,2025-09-26,89,41.7
9532,3703,2018-05-31,2025-09-25,89,41.6
6146,3682,2018-05-30,2025-09-26,89,41.4
4816,3640,2018-05-30,2025-09-26,89,40.9
4568,3598,2018-05-30,2025-09-26,89,40.4
7453,3579,2018-05-30,2025-09-26,89,40.2
3099,3529,2018-05-31,2025-09-26,89,39.7
4005,3459,2018-05-30,2025-09-26,89,38.9
7202,3453,2018-05-30,2025-09-26,89,38.8
8410,3397,2018-05-31,2025-09-26,89,38.2
9508,3389,2018-05-30,2025-09-26,89,38.1
3407,3321,2018-05-31,2025-09-26,89,37.3
7912,3306,2018-05-30,2025-09-26,89,37.1
7762,3226,2018-05-30,2025-09-26,89,36.2
4680,3226,2018-05-31,2025-09-25,89,36.2
2768,3221,2018-05-30,2025-09-26,89,36.2
9506,3205,2018-05-30,2025-09-26,89,36.0
7806,3182,2018-12-07,2025-09-26,82,38.8
2264,3039,2018-05-30,2025-09-26,89,34.1
8697,3001,2018-05-31,2025-09-26,89,33.7
6724,2980,2018-05-30,2025-09-26,89,33.5
3402,2951,2018-06-01,2025-09-26,89,33.2
3697,2941,2018-05-30,2025-09-26,89,33.0
6031,2893,2018-06-08,2025-09-26,88,32.9
5706,2869,2018-05-30,2025-09-26,89,32.2
5411,2865,2018-05-30,2025-09-26,89,32.2
4666,2844,2018-05-30,2025-09-23,89,32.0
8801,2767,2018-06-04,2025-09-25,89,31.1
4324,2759,2018-05-30,2025-09-26,89,31.0
9502,2757,2018-06-01,2025-09-26,89,31.0
6027,2743,2018-06-06,2025-09-26,88,31.2
6594,2723,2018-06-02,2025-09-26,89,30.6
5243,2710,2023-05-31,2025-09-26,28,96.8
1928,2683,2018-06-01,2025-09-25,89,30.1
9531,2682,2018-05-30,2025-09-25,89,30.1
9006,2679,2018-05-31,2025-09-26,89,30.1
8750,2664,2018-05-31,2025-09-26,89,29.9
6201,2657,2018-06-01,2025-09-26,89,29.9
4527,2642,2018-05-30,2025-09-26,89,29.7
7944,2621,2018-12-13,2025-09-26,82,32.0
2897,2612,2018-06-04,2025-09-25,89,29.3
8194,2566,2018-06-02,2025-09-26,89,28.8
6367,2565,2018-05-31,2025-09-26,89,28.8
6326,2553,2018-06-07,2025-09-26,88,29.0
4967,2526,2018-06-02,2025-09-26,89,28.4
8630,2511,2018-05-31,2025-09-26,89,28.2
3086,2501,2018-05-30,2025-09-26,89,28.1
5253,2447,2023-08-30,2025-09-26,25,97.9
8002,2429,2018-05-30,2025-09-25,89,27.3
7201,2412,2018-06-06,2025-09-25,88,27.4
9104,2409,2018-05-31,2025-09-26,89,27.1
5444,2396,2018-05-30,2025-09-26,89,26.9
6758,2395,2018-06-06,2025-09-26,88,27.2
4183,2376,2018-05-30,2025-09-25,89,26.7
7911,2351,2018-05-31,2025-09-26,89,26.4
7419,2351,2018-06-01,2025-09-23,89,26.4
3003,2350,2018-05-30,2025-09-25,89,26.4
7282,2349,2018-06-01,2025-09-26,89,26.4
3904,2347,2018-05-31,2025-09-26,89,26.4
7011,2328,2018-05-31,2025-09-26,89,26.2
1878,2304,2018-05-30,2025-09-26,89,25.9
9101,2303,2018-06-04,2025-09-26,89,25.9
7013,2302,2018-05-31,2025-09-26,89,25.9
5332,2275,2018-05-31,2025-09-26,89,25.6
9142,2265,2018-06-04,2025-09-26,89,25.4
2875,2259,2018-05-30,2025-09-26,89,25.4
2503,2253,2018-05-31,2025-09-26,89,25.3
2168,2249,2018-05-30,2025-09-26,89,25.3
9509,2242,2018-05-30,2025-09-26,89,25.2
2173,2241,2018-05-30,2025-09-25,89,25.2
7259,2239,2018-05-31,2025-09-26,89,25.2
9503,2219,2018-06-05,2025-09-26,89,24.9
7733,2161,2018-05-31,2025-09-25,89,24.3
6951,2155,2018-05-31,2025-09-26,89,24.2
6503,2147,2018-05-31,2025-09-24,89,24.1
8031,2138,2018-05-30,2025-09-25,89,24.0
9513,2125,2018-06-02,2025-09-26,89,23.9
7182,2122,2018-06-14,2025-09-26,88,24.1
2501,2117,2018-05-31,2025-09-26,89,23.8
8111,2114,2018-05-30,2025-09-26,89,23.8
7309,2102,2018-06-05,2025-09-26,89,23.6
3288,2089,2018-05-31,2025-09-26,89,23.5
6645,2086,2018-05-30,2025-09-26,89,23.4
1802,2080,2018-05-30,2025-09-26,89,23.4
6963,2053,2018-06-01,2025-09-26,89,23.1
6305,2027,2018-05-30,2025-09-26,89,22.8
6988,2001,2018-05-30,2025-09-26,89,22.5
5248,1987,2023-07-04,2025-09-26,27,73.6
9507,1985,2018-06-03,2025-09-26,89,22.3
8473,1982,2018-06-01,2025-09-26,89,22.3
2379,1980,2018-06-07,2025-09-26,88,22.5
6586,1975,2018-06-01,2025-09-25,89,22.2
4716,1955,2018-06-08,2025-09-26,88,22.2
7906,1914,2018-05-30,2025-09-26,89,21.5
9989,1913,2018-06-02,2025-09-26,89,21.5
5857,1903,2018-05-31,2025-09-26,89,21.4
8411,1887,2018-05-31,2025-09-25,89,21.2
4507,1860,2018-06-07,2025-09-26,88,21.1
4516,1845,2018-05-30,2025-09-26,89,20.7
6632,1835,2018-06-01,2025-09-26,89,20.6
4307,1798,2018-06-07,2025-09-26,88,20.4
5105,1765,2018-05-30,2025-09-26,89,19.8
9449,1758,2018-05-30,2025-09-26,89,19.8
9064,1747,2018-05-31,2025-09-25,89,19.6
2811,1716,2018-06-06,2025-09-26,88,19.5
1911,1712,2018-05-30,2025-09-25,89,19.2
3038,1709,2018-05-30,2025-09-26,89,19.2
8279,1696,2018-05-31,2025-09-26,89,19.1
4063,1691,2018-05-30,2025-09-26,89,19.0
3774,1666,2018-06-04,2025-09-26,89,18.7
2871,1658,2018-05-31,2025-09-26,89,18.6
7701,1658,2018-05-30,2025-09-26,89,18.6
2267,1653,2018-05-30,2025-09-26,89,18.6
8113,1642,2018-06-01,2025-09-25,89,18.4
5019,1630,2018-05-31,2025-09-25,89,18.3
2685,1610,2018-06-08,2025-09-26,88,18.3
6301,1570,2018-05-30,2025-09-25,89,17.6
6473,1568,2018-06-01,2025-09-26,89,17.6
7157,1547,2018-06-01,2025-09-25,89,17.4
6723,1542,2018-05-31,2025-09-26,89,17.3
6504,1541,2018-05-31,2025-09-26,89,17.3
9024,1531,2018-06-07,2025-09-25,88,17.4
4264,1528,2022-06-10,2025-09-26,40,38.2
6762,1502,2018-05-31,2025-09-26,89,16.9
4519,1498,2018-06-04,2025-09-26,89,16.8
8058,1489,2018-05-30,2025-09-25,89,16.7
9143,1474,2018-05-30,2025-09-26,89,16.6
3900,1472,2018-05-30,2025-09-26,89,16.5
8316,1447,2018-05-31,2025-09-26,89,16.3
2587,1429,2018-06-04,2025-09-26,89,16.1
5631,1417,2018-05-30,2025-09-26,89,15.9
3140,1409,2018-06-01,2025-09-26,89,15.8
9843,1409,2018-05-30,2025-09-24,89,15.8
8331,1407,2018-05-30,2025-09-26,89,15.8
1808,1398,2018-05-31,2025-09-26,89,15.7
7649,1373,2018-06-08,2025-09-25,88,15.6
8154,1365,2018-06-12,2025-09-22,88,15.5
4689,1364,2018-06-06,2025-09-26,88,15.5
7550,1352,2018-06-08,2025-09-25,88,15.4
4523,1350,2018-06-05,2025-09-25,88,15.3
3723,1342,2018-05-31,2025-09-26,89,15.1
5201,1340,2018-06-05,2025-09-26,89,15.1
2678,1327,2018-06-07,2025-09-24,88,15.1
8060,1315,2018-05-30,2025-09-26,89,14.8
3765,1298,2018-06-01,2025-09-25,89,14.6
4088,1298,2018-06-04,2025-09-25,89,14.6
4506,1296,2018-06-04,2025-09-26,89,14.6
6302,1295,2018-06-03,2025-09-26,89,14.6
7012,1292,2018-06-01,2025-09-26,89,14.5
8015,1291,2018-05-30,2025-09-26,89,14.5
9719,1290,2018-06-04,2025-09-26,89,14.5
6361,1282,2018-05-30,2025-09-26,89,14.4
5032,1247,2022-11-15,2025-09-26,34,36.7
4204,1245,2018-05-30,2025-09-26,89,14.0
3911,1245,2018-07-09,2025-09-26,87,14.3
9983,1245,2018-06-29,2025-09-24,88,14.1
5334,1215,2018-06-13,2025-09-25,88,13.8
7211,1211,2018-06-18,2025-09-26,88,13.8
3231,1198,2018-05-30,2025-09-25,89,13.5
6861,1190,2018-05-30,2025-09-22,89,13.4
3116,1188,2018-05-30,2025-09-26,89,13.3
3563,1182,2018-06-04,2025-09-26,89,13.3
4503,1163,2018-06-07,2025-09-26,88,13.2
4403,1158,2018-06-13,2025-09-26,88,13.2
3401,1156,2018-05-31,2025-09-26,89,13.0
4488,1154,2020-06-16,2025-09-26,64,18.0
9735,1153,2018-06-14,2025-09-26,88,13.1
4151,1148,2018-05-31,2025-09-24,89,12.9
7740,1145,2018-06-02,2025-09-24,89,12.9
2127,1143,2018-06-07,2025-09-26,88,13.0
7205,1141,2018-06-06,2025-09-25,88,13.0
4681,1140,2018-05-31,2025-09-24,89,12.8
4493,1131,2020-09-03,2025-09-26,61,18.5
9245,1127,2022-03-07,2025-09-24,43,26.2
6981,1125,2018-05-30,2025-09-25,89,12.6
3626,1099,2018-05-30,2025-09-26,89,12.3
4377,1092,2022-03-16,2025-09-26,43,25.4
2181,1089,2018-06-08,2025-09-26,88,12.4
5246,1085,2023-06-08,2025-09-26,28,38.8
2936,1084,2023-04-21,2025-09-26,29,37.4
3391,1084,2018-06-04,2025-09-25,89,12.2
8439,1081,2018-06-11,2025-09-25,88,12.3
8308,1076,2018-06-01,2025-09-26,89,12.1
3923,1075,2018-06-05,2025-09-26,89,12.1
6417,1071,2018-06-18,2025-09-25,88,12.2
5582,1065,2023-12-15,2025-09-26,21,50.7
5333,1057,2018-06-01,2025-09-24,89,11.9
7272,1055,2018-06-12,2025-09-24,88,12.0
5803,1053,2018-06-12,2025-09-25,88,12.0
2702,1052,2018-06-08,2025-09-26,88,12.0
3659,1047,2018-05-31,2025-09-26,89,11.8
9501,1037,2018-06-05,2025-09-24,88,11.8
5139,1036,2023-05-26,2025-09-26,28,37.0
4208,1035,2018-06-02,2025-09-26,89,11.6
2371,1027,2018-05-30,2025-09-26,89,11.5
4061,994,2018-06-01,2025-09-26,89,11.2
3349,991,2018-05-30,2025-09-26,89,11.1
8088,990,2018-05-31,2025-09-26,89,11.1
3088,986,2018-05-30,2025-09-26,89,11.1
7532,965,2018-05-31,2025-09-24,89,10.8
8830,957,2018-05-31,2025-09-26,89,10.8
6562,952,2018-06-04,2025-09-26,89,10.7
8584,932,2018-06-01,2025-09-25,89,10.5
3769,929,2018-06-06,2025-09-26,88,10.6
7994,927,2018-06-07,2025-09-26,88,10.5
1959,924,2018-06-01,2025-09-25,89,10.4
3141,919,2018-05-31,2025-09-26,89,10.3
6532,919,2018-05-31,2025-09-26,89,10.3
6448,917,2018-05-30,2025-09-25,89,10.3
6954,917,2018-05-30,2025-09-25,89,10.3
3549,915,2018-05-31,2025-09-26,89,10.3
6869,909,2018-06-16,2025-09-26,88,10.3
2670,908,2018-06-25,2025-09-26,88,10.3
9162,898,2023-12-12,2025-09-25,21,42.8
3861,889,2018-06-25,2025-09-26,88,10.1
2327,887,2018-06-08,2025-09-26,88,10.1
4684,887,2018-07-13,2025-09-26,87,10.2
9041,884,2018-05-30,2025-09-26,89,9.9
4732,883,2018-05-31,2025-09-24,89,9.9
9984,881,2018-07-11,2025-09-26,87,10.1
9204,880,2022-12-14,2025-09-26,33,26.7
9418,870,2018-05-31,2025-09-24,89,9.8
4626,867,2018-06-15,2025-09-25,88,9.9
4375,867,2022-03-08,2025-09-26,43,20.2
4768,861,2018-06-01,2025-09-26,89,9.7
4578,846,2018-06-04,2025-09-26,89,9.5
4498,846,2021-10-01,2025-09-26,48,17.6
9202,839,2018-05-31,2025-09-26,89,9.4
2726,825,2018-06-04,2025-09-26,89,9.3
6976,819,2018-05-31,2025-09-26,89,9.2
6612,813,2021-05-29,2025-09-22,52,15.6
1662,797,2018-05-31,2025-09-25,89,9.0
8020,795,2018-06-10,2025-09-25,88,9.0
9302,793,2018-05-31,2025-09-26,89,8.9
6141,790,2018-05-30,2025-09-26,89,8.9
4528,781,2018-06-04,2025-09-26,89,8.8
6479,771,2018-06-20,2025-09-26,88,8.8
8848,770,2018-05-30,2025-09-25,89,8.7
2269,763,2018-06-18,2025-09-24,88,8.7
4812,760,2018-06-05,2025-09-26,89,8.5
9166,758,2024-01-11,2025-09-26,20,37.9
9252,752,2022-05-09,2025-09-26,41,18.3
6472,746,2018-06-03,2025-09-18,88,8.5
8056,743,2019-04-24,2025-09-26,78,9.5
2531,743,2018-06-04,2025-09-22,88,8.4
3793,736,2018-06-28,2025-09-19,88,8.4
7003,734,2018-06-01,2025-09-25,89,8.2
4004,719,2018-09-26,2025-09-26,85,8.5
6752,711,2018-05-30,2025-09-26,89,8.0
8593,709,2018-05-30,2025-09-26,89,8.0
8804,707,2018-07-24,2025-09-26,87,8.1
3405,706,2018-06-12,2025-09-25,88,8.0
8725,703,2018-06-07,2025-09-26,88,8.0
6460,702,2018-06-15,2025-09-24,88,8.0
8354,696,2018-06-08,2025-09-24,88,7.9
4661,691,2018-05-30,2025-09-26,89,7.8
6273,688,2018-06-01,2025-09-26,89,7.7
4593,686,2018-06-09,2025-09-17,88,7.8
6471,682,2018-06-10,2025-09-24,88,7.8
1605,681,2018-06-11,2025-09-25,88,7.7
9467,678,2018-06-02,2025-09-26,89,7.6
3133,671,2018-05-30,2025-09-25,89,7.5
3491,669,2019-01-04,2025-09-26,81,8.3
1332,658,2018-06-19,2025-09-26,88,7.5
8053,654,2018-06-08,2025-09-26,88,7.4
5471,653,2018-06-12,2025-09-26,88,7.4
2438,650,2018-06-07,2025-09-25,88,7.4
1719,643,2018-06-06,2025-09-24,88,7.3
4543,642,2018-06-06,2025-09-26,88,7.3
2413,640,2018-07-06,2025-09-24,87,7.4
6005,634,2018-06-04,2025-09-26,89,7.1
4202,630,2018-06-01,2025-09-26,89,7.1
3186,629,2018-06-04,2025-09-25,89,7.1
8174,629,2018-06-11,2025-09-25,88,7.1
5802,625,2018-06-25,2025-09-25,88,7.1
3479,620,2018-06-01,2025-09-26,89,7.0
4592,614,2018-06-11,2025-09-26,88,7.0
8130,605,2018-07-17,2025-09-19,87,7.0
4612,602,2018-06-20,2025-09-24,88,6.8
215A,600,2025-01-06,2025-09-26,8,75.0
3465,596,2018-05-30,2025-09-26,89,6.7
8035,587,2018-06-21,2025-09-26,88,6.7
6026,579,2018-06-06,2025-09-24,88,6.6
151A,579,2024-09-01,2025-09-26,13,44.5
3291,569,2018-06-05,2025-09-18,88,6.5
2384,566,2018-05-30,2025-09-26,89,6.4
7276,564,2018-06-29,2025-09-26,88,6.4
1963,564,2018-07-25,2025-09-26,87,6.5
6856,557,2018-07-02,2025-09-26,88,6.3
6965,550,2018-06-20,2025-09-26,88,6.2
5947,548,2018-06-12,2025-09-26,88,6.2
7014,541,2018-06-14,2025-09-22,88,6.1
5021,540,2018-06-19,2025-09-26,88,6.1
7846,538,2018-05-31,2025-09-19,88,6.1
5406,538,2018-06-07,2025-09-19,88,6.1
7741,535,2018-06-01,2025-09-26,89,6.0
4259,534,2022-06-09,2025-09-18,39,13.7
9766,517,2018-08-10,2025-09-26,86,6.0
9343,517,2023-08-29,2025-09-25,25,20.7
2760,514,2018-06-14,2025-09-25,88,5.8
3360,513,2018-07-10,2025-09-26,87,5.9
7599,512,2018-06-21,2025-09-26,88,5.8
7716,511,2018-06-27,2025-09-25,88,5.8
6674,506,2018-05-31,2025-09-25,89,5.7
9684,501,2018-06-08,2025-09-18,88,5.7
9348,500,2023-09-26,2025-09-26,24,20.8
9270,493,2018-11-02,2025-09-25,83,5.9
8304,492,2018-06-04,2025-09-17,88,5.6
6040,488,2018-06-14,2025-09-25,88,5.5
6113,482,2018-06-01,2025-09-24,89,5.4
7832,479,2018-06-22,2025-09-26,88,5.4
4175,477,2021-08-17,2025-09-18,49,9.7
6436,476,2018-06-22,2025-09-15,88,5.4
5711,474,2018-05-30,2025-09-26,89,5.3
4587,469,2018-06-19,2025-09-22,88,5.3
4258,469,2022-06-13,2025-09-26,40,11.7
3064,466,2018-06-01,2025-09-24,89,5.2
7105,464,2018-06-12,2025-09-24,88,5.3
8795,464,2018-11-03,2025-09-25,83,5.6
6232,464,2019-07-23,2025-09-26,75,6.2
141A,462,2024-08-26,2025-09-26,13,35.5
6176,454,2018-05-30,2025-09-25,89,5.1
8515,453,2018-06-26,2025-09-22,88,5.1
9119,450,2018-07-06,2025-09-20,87,5.2
4686,444,2018-06-08,2025-09-26,88,5.0
8252,441,2018-07-10,2025-09-26,87,5.1
1419,439,2018-06-01,2025-09-24,89,4.9
4042,435,2018-06-07,2025-09-26,88,4.9
3773,432,2018-05-30,2025-09-25,89,4.9
3635,431,2018-07-19,2025-09-26,87,5.0
1969,431,2018-06-28,2025-09-19,88,4.9
3991,429,2018-06-14,2025-09-26,88,4.9
6506,429,2018-05-31,2025-09-26,89,4.8
1942,428,2018-05-30,2025-09-26,89,4.8
2158,427,2018-08-02,2025-09-26,87,4.9
4613,427,2018-06-09,2025-09-24,88,4.9
4393,424,2018-12-26,2025-09-22,82,5.2
4043,416,2018-05-31,2025-09-25,89,4.7
9962,416,2018-07-07,2025-09-25,87,4.8
8425,413,2018-09-08,2025-09-26,85,4.9
7747,413,2018-08-29,2025-09-25,86,4.8
8424,411,2018-05-30,2025-09-24,89,4.6
5076,410,2022-03-22,2025-09-26,42,9.8
3653,408,2018-07-05,2025-09-24,87,4.7
9065,403,2018-06-01,2025-09-24,89,4.5
7792,397,2021-12-21,2025-09-23,45,8.8
9069,395,2018-06-26,2025-09-19,88,4.5
8133,392,2018-06-21,2025-09-24,88,4.5
5892,391,2024-06-07,2025-09-26,15,26.1
8572,377,2018-07-05,2025-09-26,88,4.3
4563,375,2018-11-26,2025-09-25,83,4.5
247A,366,2025-03-10,2025-09-26,6,61.0
4431,363,2019-08-13,2025-09-26,74,4.9
1803,361,2018-06-27,2025-09-24,88,4.1
4165,360,2021-06-08,2025-09-24,52,6.9
6383,359,2018-07-17,2025-09-26,87,4.1
4376,357,2022-03-14,2025-09-19,42,8.5
4186,348,2018-06-19,2025-09-20,88,4.0
4203,347,2018-09-06,2025-09-23,85,4.1
4062,340,2018-06-07,2025-09-25,88,3.9
5842,339,2024-03-01,2025-09-26,19,17.8
7459,337,2018-07-11,2025-09-26,87,3.9
5423,337,2018-05-30,2025-09-26,89,3.8
3979,336,2018-06-07,2025-09-22,88,3.8
5831,334,2023-03-17,2025-09-25,30,11.1
5801,330,2018-07-27,2025-09-24,87,3.8
3905,330,2018-06-02,2025-09-26,89,3.7
5137,321,2023-06-02,2025-09-26,28,11.5
6857,315,2019-06-05,2025-09-26,76,4.1
3436,315,2018-06-23,2025-09-24,88,3.6
6224,313,2024-01-22,2025-09-26,20,15.6
5027,312,2023-09-05,2025-09-25,25,12.5
7729,311,2018-06-01,2025-09-25,89,3.5
7167,308,2018-07-20,2025-09-25,87,3.5
3418,304,2018-06-02,2025-09-24,89,3.4
8078,304,2018-08-06,2025-09-22,86,3.5
4888,303,2021-10-08,2025-09-26,48,6.3
5929,295,2018-06-26,2025-09-26,88,3.4
5244,294,2023-06-02,2025-09-26,28,10.5
6770,293,2018-06-11,2025-09-21,88,3.3
4772,292,2018-10-17,2025-08-05,82,3.6
4192,290,2021-10-05,2025-09-25,48,6.0
5301,289,2018-05-30,2025-09-24,89,3.2
7164,288,2018-07-19,2025-09-26,87,3.3
4308,282,2018-06-19,2025-09-26,88,3.2
8876,281,2018-07-19,2025-09-19,87,3.2
4436,279,2019-09-11,2025-09-24,73,3.8
2934,276,2022-02-08,2025-09-19,43,6.4
3289,275,2018-10-10,2025-09-25,84,3.3
5129,274,2023-03-15,2025-09-26,30,9.1
7685,272,2020-06-06,2025-09-26,64,4.2
5713,271,2018-06-21,2025-09-26,88,3.1
8850,270,2018-07-19,2025-09-25,87,3.1
6094,270,2018-05-30,2025-09-24,89,3.0
3989,268,2018-06-13,2025-09-20,88,3.0
2937,268,2023-06-02,2025-09-25,28,9.6
6920,265,2018-12-03,2025-09-26,82,3.2
6707,265,2018-06-05,2025-09-19,88,3.0
9338,263,2023-06-02,2025-09-25,28,9.4
4168,263,2021-06-07,2025-09-25,52,5.1
6465,262,2018-06-26,2025-09-20,88,3.0
4188,262,2018-08-02,2025-09-18,86,3.0
6966,261,2018-10-11,2025-09-16,84,3.1
248A,259,2025-03-07,2025-09-26,6,43.2
9272,259,2018-09-25,2025-09-25,85,3.0
3542,257,2018-06-01,2025-09-26,89,2.9
6103,249,2018-07-18,2025-09-25,87,2.9
4425,247,2019-06-05,2025-09-22,76,3.2
1431,246,2019-11-28,2025-09-26,70,3.5
5595,245,2024-05-17,2025-09-25,16,15.3
4176,239,2021-09-13,2025-09-26,49,4.9
4475,238,2020-03-30,2025-09-26,66,3.6
1951,238,2018-09-06,2025-09-24,85,2.8
4579,237,2018-06-30,2025-09-26,88,2.7
9553,235,2022-12-08,2025-09-22,33,7.1
9090,234,2019-10-23,2025-09-26,72,3.2
6806,233,2018-07-31,2025-09-19,86,2.7
6069,230,2018-06-01,2025-09-26,89,2.6
156A,229,2024-09-03,2025-09-25,12,19.1
4588,226,2018-10-02,2025-09-26,85,2.7
5233,225,2018-06-26,2025-09-26,88,2.6
2767,224,2018-12-21,2025-09-23,82,2.7
3914,221,2018-05-30,2025-09-04,88,2.5
6269,221,2018-10-15,2025-09-19,84,2.6
7774,220,2018-05-31,2025-09-26,89,2.5
9147,217,2022-06-16,2025-09-18,39,5.6
7004,217,2018-06-08,2025-09-26,88,2.5
6845,217,2018-07-26,2025-09-24,87,2.5
9227,216,2022-12-02,2025-09-26,34,6.4
2154,213,2020-06-08,2025-09-26,64,3.3
6432,212,2018-07-11,2025-09-26,87,2.4
2986,210,2020-12-26,2025-09-26,57,3.7
4374,210,2022-03-08,2025-09-25,43,4.9
9560,207,2023-03-20,2025-09-19,30,6.9
7326,204,2019-04-11,2025-09-19,78,2.6
7779,203,2018-06-11,2025-09-21,88,2.3
2222,201,2018-06-19,2025-09-11,88,2.3
3132,201,2018-06-27,2025-09-25,88,2.3
4194,201,2021-10-06,2025-09-22,48,4.2
4011,197,2021-04-01,2025-09-26,54,3.6
7094,197,2020-09-14,2025-09-26,61,3.2
4169,197,2021-06-16,2025-09-26,52,3.8
3558,196,2018-06-11,2025-09-22,88,2.2
7683,195,2020-04-27,2025-09-22,65,3.0
6613,194,2021-08-02,2025-09-22,50,3.9
5714,191,2018-12-17,2025-09-20,82,2.3
5592,189,2024-03-21,2025-09-26,18,10.5
6521,187,2021-10-08,2025-09-26,48,3.9
147A,186,2024-09-05,2025-09-25,12,15.5
5590,183,2024-03-12,2025-09-24,18,10.2
4091,178,2018-07-05,2025-09-25,87,2.0
2978,176,2020-02-12,2025-09-26,68,2.6
7048,175,2019-06-26,2025-09-25,76,2.3
6849,174,2018-08-15,2025-09-08,86,2.0
2160,173,2018-07-12,2025-09-26,87,2.0
5344,171,2018-06-11,2025-09-25,88,1.9
9759,169,2018-07-30,2025-09-24,87,1.9
4597,168,2018-07-12,2025-09-26,87,1.9
4980,167,2018-09-26,2025-09-22,85,2.0
4401,167,2018-07-25,2025-09-25,87,1.9
3148,165,2018-06-18,2025-09-26,88,1.9
4419,165,2022-06-16,2025-09-26,39,4.2
7110,165,2023-01-17,2025-09-24,32,5.2
5572,164,2023-10-03,2025-09-26,24,6.8
9107,163,2018-08-31,2025-09-26,86,1.9
5570,162,2023-09-27,2025-09-26,24,6.8
3063,162,2018-06-04,2025-09-10,88,1.8
9211,161,2022-07-06,2025-09-16,38,4.2
1801,161,2019-02-08,2025-09-26,80,2.0
7148,160,2018-06-10,2025-09-24,88,1.8
1518,159,2018-10-13,2025-09-02,83,1.9
5258,158,2023-09-07,2025-09-26,25,6.3
4572,155,2019-03-08,2025-09-26,79,2.0
4051,155,2020-12-28,2025-09-25,57,2.7
8923,154,2018-11-02,2025-09-26,84,1.8
6323,152,2018-07-17,2025-09-19,87,1.7
7119,152,2023-09-01,2025-09-25,25,6.1
7777,152,2018-11-29,2025-09-16,82,1.9
4015,148,2021-04-30,2025-09-26,53,2.8
5586,147,2024-01-25,2025-09-25,20,7.4
4582,147,2018-06-11,2025-09-26,88,1.7
7096,146,2021-12-17,2025-09-26,45,3.2
3623,144,2018-06-15,2025-09-18,88,1.6
9218,142,2022-10-03,2025-09-22,36,3.9
3187,141,2020-02-12,2025-09-25,68,2.1
7373,140,2021-12-28,2025-08-28,44,3.2
6574,140,2018-09-13,2025-09-25,85,1.6
3692,138,2018-06-28,2025-09-23,88,1.6
7744,137,2018-05-31,2025-09-18,88,1.6
2124,136,2018-06-25,2025-09-21,88,1.5
7707,136,2019-09-20,2025-09-26,73,1.9
8098,136,2018-08-24,2025-09-25,86,1.6
4054,135,2021-01-20,2025-09-22,56,2.4
4564,133,2019-06-20,2025-09-26,76,1.8
8919,132,2018-06-03,2025-09-01,88,1.5
4490,130,2020-08-21,2025-09-11,61,2.1
6544,129,2018-06-27,2025-09-26,88,1.5
6182,126,2021-09-10,2025-09-19,49,2.6
4978,126,2018-05-30,2025-09-19,88,1.4
6841,124,2018-06-12,2025-09-24,88,1.4
5805,124,2019-02-05,2025-09-19,80,1.6
4811,121,2024-04-17,2025-09-26,17,7.1
4417,121,2022-06-14,2025-09-26,40,3.0
4482,120,2020-07-06,2025-09-26,63,1.9
6728,120,2018-07-03,2025-09-22,87,1.4
3300,116,2020-11-13,2025-09-26,59,2.0
4890,115,2022-12-02,2025-09-26,34,3.4
6787,115,2018-06-04,2025-09-26,89,1.3
6028,114,2018-06-12,2025-09-02,87,1.3
7794,114,2022-12-02,2025-09-24,34,3.4
8309,114,2018-07-06,2025-09-25,87,1.3
165A,113,2023-11-16,2025-09-25,22,5.1
186A,110,2024-11-12,2025-09-22,10,11.0
5574,110,2023-12-15,2025-09-25,21,5.2
4182,110,2018-09-06,2025-09-18,85,1.3
9158,110,2023-11-29,2025-09-12,21,5.2
8802,108,2018-09-11,2025-09-21,85,1.3
4882,106,2021-12-17,2025-09-26,45,2.4
6568,106,2018-09-08,2025-09-12,85,1.2
6368,106,2018-06-04,2025-09-09,88,1.2
5480,105,2019-03-04,2025-09-19,79,1.3
4058,105,2021-04-08,2025-09-19,54,1.9
5136,105,2023-05-04,2025-09-26,29,3.6
4894,104,2023-12-13,2025-09-25,21,5.0
5991,104,2018-08-04,2025-08-14,85,1.2
4896,104,2024-04-19,2025-09-26,17,6.1
1436,103,2019-03-18,2025-09-26,79,1.3
2195,102,2018-10-02,2025-09-23,84,1.2
218A,102,2025-01-21,2025-09-25,8,12.8
7343,102,2021-09-03,2025-09-08,48,2.1
9110,102,2018-06-26,2025-09-20,88,1.2
9164,101,2024-01-09,2025-09-12,20,5.0
5254,101,2023-09-05,2025-09-22,24,4.2
6254,101,2019-05-17,2025-09-16,77,1.3
5026,101,2022-11-07,2025-09-14,34,3.0
4013,99,2021-05-17,2025-09-26,53,1.9
7068,96,2019-12-26,2025-09-26,70,1.4
7674,95,2019-09-12,2025-09-12,73,1.3
6590,93,2018-10-06,2025-09-25,84,1.1
7050,91,2019-09-05,2025-09-19,73,1.2
4495,89,2021-01-26,2025-09-26,56,1.6
166A,89,2024-09-27,2025-09-25,12,7.4
9561,84,2023-06-26,2025-09-17,27,3.1
3777,84,2021-02-15,2025-09-03,55,1.5
5101,84,2019-06-28,2025-09-10,75,1.1
7318,84,2022-01-11,2025-09-22,45,1.9
5034,83,2023-02-13,2025-09-18,31,2.7
2370,83,2018-08-16,2025-09-26,86,1.0
5888,82,2024-04-27,2025-09-26,17,4.8
4056,79,2021-10-28,2025-08-30,46,1.7
7735,78,2018-11-24,2025-09-24,83,0.9
1414,78,2018-09-30,2025-09-22,84,0.9
2002,78,2018-07-24,2025-09-04,86,0.9
6255,77,2018-11-01,2025-09-25,84,0.9
9556,77,2023-03-16,2025-09-25,30,2.6
4571,75,2020-09-07,2025-09-19,61,1.2
4448,74,2020-05-29,2025-09-25,64,1.2
7776,74,2018-06-06,2025-09-05,88,0.8
5038,73,2023-05-24,2025-09-19,28,2.6
6670,72,2018-07-30,2025-08-19,85,0.8
3107,72,2018-09-12,2025-09-03,84,0.9
7988,70,2018-10-22,2025-09-10,83,0.8
2998,69,2022-10-18,2025-09-10,35,2.0
4418,69,2022-06-16,2025-09-10,39,1.8
4893,68,2023-12-09,2025-09-26,21,3.2
4371,67,2022-05-24,2025-09-22,40,1.7
177A,67,2024-10-18,2025-09-12,10,6.7
7066,66,2020-09-16,2025-09-26,61,1.1
4442,65,2020-04-01,2025-09-22,66,1.0
4263,65,2022-06-29,2025-09-05,38,1.7
9163,62,2024-01-09,2025-09-26,20,3.1
176A,61,2024-10-11,2025-09-18,11,5.5
2317,60,2018-08-30,2025-09-18,85,0.7
7352,59,2021-01-20,2025-09-25,56,1.1
9168,58,2024-04-11,2025-09-19,17,3.4
7320,58,2018-09-19,2025-06-16,82,0.7
4074,57,2022-03-31,2025-09-16,42,1.4
9251,52,2022-06-14,2025-09-18,39,1.3
6557,51,2020-01-14,2025-09-26,69,0.7
4414,50,2022-12-27,2025-09-26,33,1.5
6101,49,2018-10-05,2025-09-25,84,0.6
1721,48,2018-06-15,2025-09-19,88,0.5
5591,48,2024-03-19,2025-09-22,18,2.7
5132,46,2023-04-12,2025-09-25,29,1.6
206A,46,2024-12-13,2025-09-26,9,5.1
5393,46,2019-05-25,2025-09-26,77,0.6
4389,44,2019-08-05,2025-07-29,72,0.6
7061,43,2019-10-16,2025-09-03,71,0.6
5214,43,2020-10-29,2025-08-29,58,0.7
153A,43,2024-09-20,2025-09-24,12,3.6
219A,42,2025-01-09,2025-09-26,8,5.2
6561,41,2019-04-01,2025-09-22,78,0.5
3496,41,2019-12-09,2025-09-25,70,0.6
5588,41,2024-03-05,2025-09-11,18,2.3
4902,39,2018-11-24,2025-09-25,83,0.5
135A,37,2024-10-24,2025-09-16,10,3.7
4599,37,2020-03-16,2025-09-26,67,0.6
205A,37,2024-12-16,2025-09-26,9,4.1
190A,36,2025-01-10,2025-09-24,8,4.5
5621,35,2024-06-11,2025-09-26,15,2.3
7317,33,2020-09-12,2025-09-18,61,0.5
4270,33,2022-08-22,2025-08-07,36,0.9
241A,33,2025-03-10,2025-09-24,6,5.5
4891,33,2023-04-29,2025-07-23,27,1.2
2801,31,2018-08-17,2025-09-11,86,0.4
245A,29,2025-03-19,2025-09-23,6,4.8
202A,28,2024-12-04,2025-09-02,9,3.1
4413,27,2022-11-28,2025-08-05,32,0.8
9744,27,2020-01-09,2025-04-18,64,0.4
9223,26,2024-06-18,2025-09-19,15,1.7
6526,24,2023-05-30,2025-09-16,28,0.9
8253,24,2023-05-17,2025-09-12,28,0.9
7409,23,2023-12-27,2025-09-16,20,1.2
2432,23,2018-08-15,2025-08-08,85,0.3
4055,22,2022-10-05,2025-09-19,36,0.6
192A,22,2024-12-09,2025-09-22,9,2.4
228A,21,2025-02-28,2025-09-16,6,3.5
244A,20,2025-03-20,2025-08-30,5,4.0
1447,17,2020-05-28,2025-09-24,64,0.3
194A,17,2025-03-17,2025-09-24,6,2.8
198A,13,2025-04-28,2025-07-30,3,4.3
6086,12,2018-10-23,2025-09-15,83,0.1
5834,11,2023-04-27,2025-07-29,27,0.4
246A,10,2025-04-15,2025-09-18,5,2.0
9558,8,2023-12-18,2025-06-24,18,0.4
7186,5,2024-11-25,2025-09-04,9,0.6
7079,4,2023-08-05,2025-09-08,25,0.2
